 {
  "c6s": [   
 [
   10.412614010301892      ,
   5.4365317641009989      ,
   5.4355216108603734      ,
   10.411966818463926      ,
   5.4366079347294214      ,
   5.4366079347294214     
 ],
 [
   5.4365317641009989      ,
   3.0927374714550546      ,
   3.0920939930927958      ,
   5.4361357064830180      ,
   3.0927859929558110      ,
   3.0927859929558110     
 ],
 [
   5.4355216108603734      ,
   3.0920939930927958      ,
   3.0914506722282704      ,
   5.4351256402850110      ,
   3.0921425027174321      ,
   3.0921425027174321     
 ],
 [
   10.411966818463926      ,
   5.4361357064830180      ,
   5.4351256402850110      ,
   10.411319686966797      ,
   5.4362118705479903      ,
   5.4362118705479903     
 ],
 [
   5.4366079347294214      ,
   3.0927859929558110      ,
   3.0921425027174321      ,
   5.4362118705479903      ,
   3.0928345153520871      ,
   3.0928345153520871     
 ],
 [
   5.4366079347294214      ,
   3.0927859929558110      ,
   3.0921425027174321      ,
   5.4362118705479903      ,
   3.0928345153520871      ,
   3.0928345153520871     
 ]
 ]
 ,
  "c8s": [   
 [
   6.8942555365569081E-310 ,
   6.8942555365569081E-310 ,
   0.0000000000000000      ,
   0.0000000000000000      ,
   0.0000000000000000      ,
   0.0000000000000000     
 ],
 [
   84.912550288534291      ,
   0.0000000000000000      ,
   0.0000000000000000      ,
   0.0000000000000000      ,
   0.0000000000000000      ,
   0.0000000000000000     
 ],
 [
   84.896772823862761      ,
   37.378314421403296      ,
   0.0000000000000000      ,
   0.0000000000000000      ,
   0.0000000000000000      ,
   0.0000000000000000     
 ],
 [
   210.11916171529307      ,
   84.906364311175338      ,
   84.890588206012239      ,
   0.0000000000000000      ,
   0.0000000000000000      ,
   0.0000000000000000     
 ],
 [
   84.913739988621970      ,
   37.386679557947382      ,
   37.378900822724269      ,
   84.907553908749250      ,
   0.0000000000000000      ,
   0.0000000000000000     
 ],
 [
   84.913739988621970      ,
   37.386679557947382      ,
   37.378900822724269      ,
   84.907553908749250      ,
   37.387266113656402      ,
   0.0000000000000000     
 ]
 ]
 ,
  "r0s": [   
 [
   0.0000000000000000      ,
   0.0000000000000000      ,
   0.0000000000000000      ,
   0.0000000000000000      ,
   0.0000000000000000      ,
   0.0000000000000000     
 ],
 [
   6.4974343320685799      ,
   0.0000000000000000      ,
   0.0000000000000000      ,
   0.0000000000000000      ,
   0.0000000000000000      ,
   0.0000000000000000     
 ],
 [
   6.4974343320685799      ,
   6.3004462228335818      ,
   0.0000000000000000      ,
   0.0000000000000000      ,
   0.0000000000000000      ,
   0.0000000000000000     
 ],
 [
   6.7213484496191551      ,
   6.4974343320685799      ,
   6.4974343320685799      ,
   0.0000000000000000      ,
   0.0000000000000000      ,
   0.0000000000000000     
 ],
 [
   6.4974343320685799      ,
   6.3004462228335818      ,
   6.3004462228335818      ,
   6.4974343320685799      ,
   0.0000000000000000      ,
   0.0000000000000000     
 ],
 [
   6.4974343320685799      ,
   6.3004462228335818      ,
   6.3004462228335818      ,
   6.4974343320685799      ,
   6.3004462228335818      ,
   0.0000000000000000     
 ]
 ]
 ,
  "rs": [    
 [
   0.0000000000000000      ,
   0.0000000000000000      ,
   0.0000000000000000      ,
   0.0000000000000000      ,
   0.0000000000000000      ,
   0.0000000000000000     
 ],
 [
   1.8086677608762827      ,
   0.0000000000000000      ,
   0.0000000000000000      ,
   0.0000000000000000      ,
   0.0000000000000000      ,
   0.0000000000000000     
 ],
 [
   1.8215290990924677      ,
   2.8672142387151571      ,
   0.0000000000000000      ,
   0.0000000000000000      ,
   0.0000000000000000      ,
   0.0000000000000000     
 ],
 [
   5.4998949918980777      ,
   6.3282715988053893      ,
   3.6879613680844376      ,
   0.0000000000000000      ,
   0.0000000000000000      ,
   0.0000000000000000     
 ],
 [
   6.2915645455567137      ,
   7.3023209665759401      ,
   4.6079599222090639      ,
   1.8121614037630498      ,
   0.0000000000000000      ,
   0.0000000000000000     
 ],
 [
   6.2915645455567137      ,
   7.3023209665759401      ,
   4.6079599222090639      ,
   1.8121614037630498      ,
   2.8669450776364118      ,
   0.0000000000000000     
 ]
 ]
 }
